Name,UPC,Category,Manufacturer,Picture
Piattos (Cheese),4800016671500,Foodstuffs and Consumables,Jack N Jill,
Magic Flakes,4800016082085,Foodstuffs and Consumables,Jack N Jill,
Cream-O Vanilla,4800010075526,Foodstuffs and Consumables,Jack N Jill,
Cream-O Choco Fudge,4800010075564,Foodstuffs and Consumables,Jack N Jill,
Presto Cream Choco,4800010075601,Foodstuffs and Consumables,Jack N Jill,
Presto Cream Peanut Butter,4800010075922,Foodstuffs and Consumables,Jack N Jill,
Presto Cream Vanilla,4800010075595,Foodstuffs and Consumables,Jack N Jill,
Cloud-9,4800010781076,Foodstuffs and Consumables,Jack N Jill,
Chippy Barbeque,4800016101328,Foodstuffs and Consumables,Jack N Jill,
Bread Stix,480777010017,Foodstuffs and Consumables,Nissin,
Eggnog,4807770100406,Foodstuffs and Consumables,Nissin,
Bingo Choco,4807770100611,Foodstuffs and Consumables,Nissin,
Voice Combo Chocolate,4807770120442,Foodstuffs and Consumables,Nissin,
Cheezee Spread,480535832405,Foodstuffs and Consumables,Magnolia,
Cheezee Block,480535831703,Foodstuffs and Consumables,Magnolia,
